{"loss": [0.9686980843544006, 0.8876176476478577, 0.8222899436950684, 0.8161754012107849, 0.7948600649833679, 0.7831801176071167, 0.775558590888977, 0.7701190114021301, 0.7829294204711914, 0.7637323141098022, 0.7434813380241394, 0.7590107917785645, 0.7594906091690063, 0.7377257347106934, 0.7357378005981445, 0.7187173366546631, 0.7354260683059692, 0.7071959376335144, 0.7205432653427124, 0.7289443612098694, 0.7076508402824402, 0.7259181141853333, 0.689983606338501, 0.6908667087554932, 0.7007856965065002, 0.689078152179718, 0.6878647208213806, 0.6803520321846008, 0.6948424577713013, 0.6956804394721985, 0.6728781461715698, 0.6949949860572815, 0.6664139628410339, 0.6679890155792236, 0.6753703951835632, 0.697835385799408, 0.6781045794487, 0.673372745513916, 0.6560589075088501, 0.6728109121322632, 0.6773492693901062, 0.6723946332931519, 0.6684951782226562, 0.7015368938446045, 0.6618168354034424, 0.6622240543365479, 0.6681787967681885, 0.6787334084510803, 0.6548597812652588, 0.6870951652526855, 0.6856522560119629, 0.6914158463478088, 0.6856579184532166, 0.6929364800453186, 0.6660886406898499, 0.687762975692749, 0.6650856137275696, 0.6622495055198669, 0.6720331311225891, 0.688027560710907, 0.6881773471832275, 0.6702879071235657, 0.6568360924720764, 0.6604343056678772, 0.7010449767112732, 0.6985846757888794, 0.6760066747665405, 0.6830509305000305, 0.6761416792869568, 0.6561039686203003, 0.681937575340271, 0.6624655723571777, 0.6525534391403198, 0.6542611718177795, 0.6646826863288879, 0.6898077130317688, 0.6996704339981079, 0.6630867123603821, 0.6616185307502747, 0.6756897568702698, 0.6704957485198975, 0.6647070050239563, 0.689691424369812, 0.6755166053771973, 0.6693248748779297, 0.6836749315261841, 0.6973849534988403, 0.6626266241073608, 0.6652470231056213, 0.6446139216423035, 0.6551238894462585, 0.6570130586624146, 0.6560811400413513, 0.6572539806365967, 0.6511580348014832, 0.6767414212226868, 0.696549117565155, 0.6481709480285645, 0.6722155213356018, 0.6525675654411316], "binary_accuracy": [0.5258536338806152, 0.6341463327407837, 0.680975615978241, 0.6897560954093933, 0.7151219248771667, 0.7200000286102295, 0.730731725692749, 0.7326829433441162, 0.7160975337028503, 0.7385365962982178, 0.7609755992889404, 0.7336585521697998, 0.7336585521697998, 0.7590243816375732, 0.7609755992889404, 0.7746341228485107, 0.7609755992889404, 0.7912195324897766, 0.7804877758026123, 0.7609755992889404, 0.7912195324897766, 0.766829252243042, 0.8087804913520813, 0.8078048825263977, 0.7931707501411438, 0.8058536648750305, 0.8117073178291321, 0.8146341443061829, 0.7960975766181946, 0.7980487942695618, 0.821463406085968, 0.7960975766181946, 0.8234146237373352, 0.8302438855171204, 0.8175609707832336, 0.795121967792511, 0.8156097531318665, 0.8156097531318665, 0.8360975384712219, 0.8185365796089172, 0.8087804913520813, 0.8234146237373352, 0.8224390149116516, 0.7912195324897766, 0.8273170590400696, 0.8321951031684875, 0.8234146237373352, 0.8146341443061829, 0.8321951031684875, 0.8048780560493469, 0.8058536648750305, 0.7990244030952454, 0.8048780560493469, 0.7941463589668274, 0.8224390149116516, 0.7990244030952454, 0.821463406085968, 0.8243902325630188, 0.8185365796089172, 0.800000011920929, 0.7990244030952454, 0.8175609707832336, 0.8341463208198547, 0.8292682766914368, 0.785365879535675, 0.7931707501411438, 0.8136585354804993, 0.8058536648750305, 0.8107317090034485, 0.8321951031684875, 0.8087804913520813, 0.826341450214386, 0.8360975384712219, 0.8341463208198547, 0.821463406085968, 0.7941463589668274, 0.7863414883613586, 0.8292682766914368, 0.8243902325630188, 0.8175609707832336, 0.8185365796089172, 0.8273170590400696, 0.800000011920929, 0.8117073178291321, 0.8175609707832336, 0.8048780560493469, 0.7912195324897766, 0.8243902325630188, 0.821463406085968, 0.844878077507019, 0.8341463208198547, 0.8321951031684875, 0.8341463208198547, 0.8302438855171204, 0.8360975384712219, 0.8087804913520813, 0.790243923664093, 0.8390243649482727, 0.8107317090034485, 0.8351219296455383], "mse": [0.3022878170013428, 0.25939640402793884, 0.23740707337856293, 0.23982831835746765, 0.2237989604473114, 0.23390570282936096, 0.22609315812587738, 0.22770898044109344, 0.24866372346878052, 0.22829727828502655, 0.2131793200969696, 0.22974559664726257, 0.23731082677841187, 0.20750674605369568, 0.20360425114631653, 0.19190101325511932, 0.21182066202163696, 0.1848304122686386, 0.20291666686534882, 0.2052263617515564, 0.18860402703285217, 0.20233862102031708, 0.17212000489234924, 0.1734057515859604, 0.1816817820072174, 0.17085795104503632, 0.16973252594470978, 0.16720475256443024, 0.183457612991333, 0.18395259976387024, 0.1649908572435379, 0.18750734627246857, 0.16101452708244324, 0.1591891497373581, 0.16716501116752625, 0.1815795600414276, 0.16538701951503754, 0.16434364020824432, 0.1540418118238449, 0.16842064261436462, 0.17002637684345245, 0.15773800015449524, 0.16172832250595093, 0.1960456222295761, 0.16390946507453918, 0.16118833422660828, 0.16806350648403168, 0.17580892145633698, 0.15659184753894806, 0.183683842420578, 0.17727036774158478, 0.19278612732887268, 0.18853257596492767, 0.19291238486766815, 0.16823071241378784, 0.19219835102558136, 0.16869696974754333, 0.16488118469715118, 0.16953325271606445, 0.18795785307884216, 0.19090086221694946, 0.1736660897731781, 0.16077841818332672, 0.1597408801317215, 0.19986920058727264, 0.19884911179542542, 0.17546182870864868, 0.18750740587711334, 0.18077433109283447, 0.1617223620414734, 0.1853875070810318, 0.16617834568023682, 0.1582086831331253, 0.16015759110450745, 0.16962821781635284, 0.19263699650764465, 0.2012702226638794, 0.16264556348323822, 0.1643475443124771, 0.17570282518863678, 0.17541873455047607, 0.16457214951515198, 0.1900428980588913, 0.17801810801029205, 0.17061200737953186, 0.18274624645709991, 0.20214924216270447, 0.1676596850156784, 0.167930006980896, 0.1498139500617981, 0.16068607568740845, 0.16185235977172852, 0.15747684240341187, 0.15841560065746307, 0.15419939160346985, 0.18263421952724457, 0.20282958447933197, 0.154178649187088, 0.17661036550998688, 0.1570461094379425]}