{"loss": [0.9868961572647095, 0.9851515889167786, 0.9675213694572449, 0.9381018280982971, 0.916959822177887, 0.9017671346664429, 0.8916943669319153, 0.8826423287391663, 0.8705611228942871, 0.8687494993209839, 0.8628963828086853, 0.8490227460861206, 0.851938009262085, 0.8481439352035522, 0.8382894992828369, 0.8274532556533813, 0.826714813709259, 0.8321006894111633, 0.8200993537902832, 0.8119682669639587, 0.82049560546875, 0.7926634550094604, 0.7882513999938965, 0.8049389719963074, 0.7926442623138428, 0.7939699292182922, 0.773834228515625, 0.7844551205635071, 0.7724244594573975, 0.7700133323669434, 0.7647622227668762, 0.75034099817276, 0.7603898048400879, 0.7500392198562622, 0.7693079710006714, 0.740892231464386, 0.7539633512496948, 0.7605248689651489, 0.7293989062309265, 0.7468430399894714, 0.7301620244979858, 0.7421382069587708, 0.7255387902259827, 0.7353997826576233, 0.7340742349624634, 0.7199025750160217, 0.7345184683799744, 0.7270885705947876, 0.7397376298904419, 0.7086300253868103, 0.7120826244354248, 0.7058753967285156, 0.7342489957809448, 0.702584445476532, 0.7068318724632263, 0.7060552835464478, 0.7300739884376526, 0.6956960558891296, 0.6934595108032227, 0.7312896847724915, 0.7068283557891846, 0.6922733783721924, 0.6962440609931946, 0.701962411403656, 0.6816585063934326, 0.6827566623687744, 0.7094782590866089, 0.7000123858451843, 0.6931610107421875, 0.6975276470184326, 0.7102166414260864, 0.7090167999267578, 0.718056857585907, 0.7194734215736389, 0.6970517635345459, 0.6972617506980896, 0.6876988410949707, 0.6799671053886414, 0.7036807537078857, 0.6976702809333801, 0.6863530278205872, 0.6808339357376099, 0.6917192339897156, 0.6945394277572632, 0.6976304054260254, 0.6776217222213745, 0.6893770098686218, 0.6842565536499023, 0.6898257732391357, 0.6915510892868042, 0.6931217908859253, 0.7017163038253784, 0.6781721711158752, 0.678033709526062, 0.6876693964004517, 0.6807813048362732, 0.692402720451355, 0.6948474049568176, 0.7076106667518616, 0.7265046238899231], "binary_accuracy": [0.4839024245738983, 0.5404878258705139, 0.5804877877235413, 0.6282926797866821, 0.6556097269058228, 0.6790243983268738, 0.6985365748405457, 0.7063414454460144, 0.7219512462615967, 0.7112194895744324, 0.7180487513542175, 0.7326829433441162, 0.7229268550872803, 0.7317073345184326, 0.7375609874725342, 0.7443902492523193, 0.7375609874725342, 0.7190244197845459, 0.7346341609954834, 0.7502439022064209, 0.7229268550872803, 0.7580487728118896, 0.761951208114624, 0.735609769821167, 0.7492682933807373, 0.7414634227752686, 0.7639024257659912, 0.7453658580780029, 0.7609755992889404, 0.7639024257659912, 0.7658536434173584, 0.7814634442329407, 0.7687804698944092, 0.7795121669769287, 0.7492682933807373, 0.7824390530586243, 0.7678048610687256, 0.7521951198577881, 0.7912195324897766, 0.77170729637146, 0.7863414883613586, 0.7736585140228271, 0.795121967792511, 0.7795121669769287, 0.7765853404998779, 0.7970731854438782, 0.7726829051971436, 0.7834146618843079, 0.766829252243042, 0.7990244030952454, 0.7960975766181946, 0.8029268383979797, 0.7687804698944092, 0.8048780560493469, 0.8009756207466125, 0.7990244030952454, 0.7707316875457764, 0.8068292737007141, 0.8097561001777649, 0.766829252243042, 0.7941463589668274, 0.8087804913520813, 0.8039024472236633, 0.7960975766181946, 0.8195121884346008, 0.8156097531318665, 0.785365879535675, 0.7980487942695618, 0.8058536648750305, 0.8009756207466125, 0.7863414883613586, 0.7921951413154602, 0.7765853404998779, 0.7746341228485107, 0.7960975766181946, 0.7941463589668274, 0.8048780560493469, 0.8175609707832336, 0.7912195324897766, 0.7970731854438782, 0.8068292737007141, 0.8146341443061829, 0.800000011920929, 0.7960975766181946, 0.7941463589668274, 0.8146341443061829, 0.8039024472236633, 0.8058536648750305, 0.8039024472236633, 0.8019512295722961, 0.800000011920929, 0.7882927060127258, 0.8146341443061829, 0.8146341443061829, 0.8029268383979797, 0.8087804913520813, 0.800000011920929, 0.795121967792511, 0.7824390530586243, 0.7658536434173584], "mse": [0.2501051127910614, 0.24884283542633057, 0.24965143203735352, 0.2554510831832886, 0.2461358904838562, 0.24442405998706818, 0.2170386165380478, 0.21673408150672913, 0.22248633205890656, 0.2243366837501526, 0.22644521296024323, 0.21869179606437683, 0.2207910269498825, 0.19843357801437378, 0.19835332036018372, 0.1979721337556839, 0.20034047961235046, 0.21582499146461487, 0.19861330091953278, 0.19575825333595276, 0.2143065631389618, 0.1939692348241806, 0.1772567629814148, 0.217579647898674, 0.19374248385429382, 0.1944817751646042, 0.19630713760852814, 0.1961165964603424, 0.19207876920700073, 0.1857856959104538, 0.18510402739048004, 0.17899246513843536, 0.19071072340011597, 0.18213118612766266, 0.19935420155525208, 0.18007822334766388, 0.19097210466861725, 0.20514649152755737, 0.17223234474658966, 0.19483299553394318, 0.1784791350364685, 0.19223874807357788, 0.17354097962379456, 0.18932034075260162, 0.19170570373535156, 0.18035423755645752, 0.20327621698379517, 0.19281375408172607, 0.20890142023563385, 0.17531158030033112, 0.18274447321891785, 0.17735302448272705, 0.2080407291650772, 0.17647400498390198, 0.18034397065639496, 0.1815207451581955, 0.20553500950336456, 0.1743307262659073, 0.17318210005760193, 0.21087859570980072, 0.18858341872692108, 0.17775525152683258, 0.17684140801429749, 0.1841440349817276, 0.16663606464862823, 0.1692124456167221, 0.19490878283977509, 0.18571966886520386, 0.1828787624835968, 0.18431755900382996, 0.19854044914245605, 0.19452103972434998, 0.2083420753479004, 0.20906107127666473, 0.1893042027950287, 0.18963922560214996, 0.18111403286457062, 0.17174296081066132, 0.19461560249328613, 0.1910293698310852, 0.18210506439208984, 0.17630189657211304, 0.18698753416538239, 0.18889360129833221, 0.19121824204921722, 0.17545314133167267, 0.18497207760810852, 0.18238624930381775, 0.18738524615764618, 0.1890915036201477, 0.19081221520900726, 0.19774678349494934, 0.1792372465133667, 0.1779133677482605, 0.18732568621635437, 0.1820363849401474, 0.19163745641708374, 0.19336795806884766, 0.2088027000427246, 0.22499914467334747]}