{"loss": [0.9684216976165771, 0.8874931931495667, 0.8316537141799927, 0.8044728636741638, 0.8158995509147644, 0.7840722799301147, 0.7843317985534668, 0.7605700492858887, 0.7491053938865662, 0.761100709438324, 0.7492877840995789, 0.7574863433837891, 0.7536765336990356, 0.7473028302192688, 0.7201318740844727, 0.7295396327972412, 0.7339779734611511, 0.7171675562858582, 0.7386658787727356, 0.712634265422821, 0.7281326651573181, 0.7070974707603455, 0.6935005784034729, 0.7254342436790466, 0.6952797770500183, 0.6975790858268738, 0.6919005513191223, 0.6938354969024658, 0.6924383044242859, 0.7037580013275146, 0.6944466829299927, 0.687550961971283, 0.6910997629165649, 0.6753522753715515, 0.6903309226036072, 0.7022765278816223, 0.6782407164573669, 0.6917940378189087, 0.6874091625213623, 0.6849594116210938, 0.6980881094932556, 0.6753702163696289, 0.6711885929107666, 0.6698577404022217, 0.6695291996002197, 0.6646918654441833, 0.6689699292182922, 0.6639077663421631, 0.6811418533325195, 0.6663914322853088, 0.6565636992454529, 0.6761938333511353, 0.6739863753318787, 0.6683624982833862, 0.6700319051742554, 0.6802082657814026, 0.681016743183136, 0.6728650331497192, 0.6656426787376404, 0.6688358187675476, 0.6637733578681946, 0.6657523512840271, 0.6609891653060913, 0.716889500617981, 0.6783890724182129, 0.6983377933502197, 0.6854596734046936, 0.649970531463623, 0.691257655620575, 0.6633930802345276, 0.6852403879165649, 0.6623622179031372, 0.6841381788253784, 0.6942939162254333, 0.6774058938026428, 0.6891610622406006, 0.664004921913147, 0.6672118902206421, 0.6642768979072571, 0.6610888838768005, 0.6706879734992981, 0.6753771901130676, 0.662375271320343, 0.6741410493850708, 0.6455121636390686, 0.6885590553283691, 0.6627103090286255, 0.6487444043159485, 0.6656094193458557, 0.6929207444190979, 0.6638084053993225, 0.6653541326522827, 0.6783784627914429, 0.6485449075698853, 0.6729358434677124, 0.6554706692695618, 0.6636272668838501, 0.767047107219696, 0.6602841019630432, 0.65964674949646], "binary_accuracy": [0.5375609993934631, 0.6341463327407837, 0.6751219630241394, 0.7043902277946472, 0.6878048777580261, 0.7141463160514832, 0.7112194895744324, 0.7482926845550537, 0.7434146404266357, 0.7297561168670654, 0.7482926845550537, 0.7395122051239014, 0.7414634227752686, 0.7492682933807373, 0.7726829051971436, 0.7648780345916748, 0.7590243816375732, 0.7814634442329407, 0.7551219463348389, 0.7834146618843079, 0.7648780345916748, 0.7882927060127258, 0.7990244030952454, 0.7697560787200928, 0.7980487942695618, 0.7990244030952454, 0.8039024472236633, 0.800000011920929, 0.7970731854438782, 0.7912195324897766, 0.800000011920929, 0.7990244030952454, 0.8039024472236633, 0.81658536195755, 0.8029268383979797, 0.7892683148384094, 0.8117073178291321, 0.7990244030952454, 0.8029268383979797, 0.8048780560493469, 0.7892683148384094, 0.8156097531318665, 0.8185365796089172, 0.8195121884346008, 0.8224390149116516, 0.8282926678657532, 0.8175609707832336, 0.8273170590400696, 0.8107317090034485, 0.8253658413887024, 0.8370731472969055, 0.8156097531318665, 0.8136585354804993, 0.821463406085968, 0.8224390149116516, 0.8146341443061829, 0.8117073178291321, 0.8195121884346008, 0.8253658413887024, 0.8195121884346008, 0.8204877972602844, 0.8243902325630188, 0.8292682766914368, 0.77170729637146, 0.8117073178291321, 0.7921951413154602, 0.8107317090034485, 0.8390243649482727, 0.7980487942695618, 0.8282926678657532, 0.8048780560493469, 0.8282926678657532, 0.8009756207466125, 0.790243923664093, 0.8097561001777649, 0.7970731854438782, 0.8234146237373352, 0.8253658413887024, 0.821463406085968, 0.8341463208198547, 0.8195121884346008, 0.8107317090034485, 0.8243902325630188, 0.81658536195755, 0.8419511914253235, 0.7990244030952454, 0.8243902325630188, 0.8390243649482727, 0.8273170590400696, 0.7931707501411438, 0.8243902325630188, 0.821463406085968, 0.8126829266548157, 0.8409755825996399, 0.81658536195755, 0.8360975384712219, 0.8234146237373352, 0.7180487513542175, 0.8243902325630188, 0.8273170590400696]}